CAI Com. anglophone de l'IT III,Q3G C1,JDS
DRO Droit,Q3G C1,NDM
CPP Cours de C/C++,Q3GIR C1,ABS
CPP Cours de C/C++,Q3GIR C2,NVS
CPPL Laboratoire de C/C++ I,Q3GIR C111,NVS
CPPL Laboratoire de C/C++ I,Q3GIR C112,BEJ
CPPL Laboratoire de C/C++ I,Q3GIR C211,ABS
CPPL Laboratoire de C/C++ I,Q3GIR C212,BEJ
CPPL Laboratoire de C/C++ I,Q3GIR C223,DBO
CPPL Laboratoire de C/C++ I,Q3GIR C121,PBT
CPPL Laboratoire de C/C++ I,Q3GIR C122,ABS
ATL Ateliers logiciels I,Q3GIR C121,TNI
ATL Ateliers logiciels I,Q3GIR C122,PBT
ATL Ateliers logiciels I,Q3G C111,SRV
ATL Ateliers logiciels I,Q3G C112,GBA
ANL Analyse II,Q3GIR C,JLC
ANLL Laboratoire d'analyse II,Q3GIR C111,TNI
ANLL Laboratoire d'analyse II,Q3GIR C112,TNI
ANLL Laboratoire d'analyse II,Q3GIR C211,PMA
ANLL Laboratoire d'analyse II,Q3GIR C212,CUV
ANLL Laboratoire d'analyse II,Q3GIR C223,JLC
ANLL Laboratoire d'analyse II,Q3GIR C121,PMA
ANLL Laboratoire d'analyse II,Q3GIR C122,PMA
PER Persistance des données III,Q4GIR D,SRE
PERL Lab. de per. des données III,Q4G D111,ARO
PERL Lab. de per. des données III,Q4G D112,ARO
PERL Lab. de per. des données III,Q4G D121,ARO
PERL Lab. de per. des données III,Q4G D122,NVS
CPT Comptabilité de gestion,Q4G D111,LMA
CPT Comptabilité de gestion,Q4G D112,LMA
CPT Comptabilité de gestion,Q4G D121,LMA
CPT Comptabilité de gestion,Q4G D122,LMA
ECO Economie générale,Q4G D1,LMA
ALG Algorithmique III,Q3GIR C12,SDR
ALG Algorithmique III,Q3GIR C2,NRI
ALG Algorithmique III,Q3GIR C11,SRE
ATL Ateliers logiciels II,Q4G D111,JLC
ATL Ateliers logiciels II,Q4G D112,SRV
ATL Ateliers logiciels II,Q4G D121,TNI
ATL Ateliers logiciels II,Q4G D122,PBT
WEB Développement Web II,Q4G D111,SRV
WEB Développement Web II,Q4G D112,ARO
WEB Développement Web II,Q4G D121,NVS
WEB Développement Web II,Q4G D122,NRI
ERG Ergonomie du logiciel,Q4G D1,DNA
PER Persistance des données II,Q3I C,SRE
PERL Lab. de per. des données II,Q3GIR C111,SRE
PERL Lab. de per. des données II,Q3GIR C112,CUV
PERL Lab. de per. des données II,Q3GIR C211,ARO
PERL Lab. de per. des données II,Q3GIR C212,GBA
PERL Lab. de per. des données II,Q3GIR C223,MBR
PERL Lab. de per. des données II,Q3GIR C121,SRE
PERL Lab. de per. des données II,Q3GIR C122,ARO
SYS Systèmes d'exploitation II,Q4GIR D,MBA
SYSL Labo systèmes d'exp. II,Q4G D111,MBA
SYSL Labo systèmes d'exp. II,Q4G D112,MBA
SYSL Labo systèmes d'exp. II,Q4G D113,MBA
SYSL Labo systèmes d'exp. II,Q4G D121,MWA
SYSL Labo systèmes d'exp. II,Q4G D122,MWA
CPR Compléments réseaux,Q4G D1,MWA
CPRL Lab. de Compléments réseaux,Q4G D111,MWA
CPRL Lab. de Compléments réseaux,Q4G D112,MWA
CPRL Lab. de Compléments réseaux,Q4G D121,MWA
CPRL Lab. de Compléments réseaux,Q4G D122,MWA
PHY Physique d'acquisition,Q4I D223,MHI
VAN Visualisation - analyse,Q4I D223,MHI
AMI Applications sur sys. Embarqués,Q4I D223,EGR
AUT Automates programmables I,Q3I C223,MHI
ATL Ateliers logiciels I.,Q4IR D211,JLC
ATL Ateliers logiciels I.,Q4IR D212,DBO
ATL Ateliers logiciels I.,Q4IR D223,SRV
AGR Adm. et ges. Réseaux,Q4I D223,PBT
IOT Réseaux IOT,Q4I D223,MHI
RLI Réseaux locaux et industriels,Q4I D223,MHI
DIN Développement Internet,Q4R D21,TNI
XML Intro à XML,Q4R D21,NVS
LAN LAN,Q3R C2,PMA
LANL Laboratoire de LAN,Q3R C211,JSS
LANL Laboratoire de LAN,Q3R C212,DBO
RSM Réseaux de sans fil et de mobile,Q4R D21,PMA
RSML Labo sans fil et de mobile,Q4R D211,PMA
RSML Labo sans fil et de mobile,Q4R D212,PMA
PHSL Physique du signal (labo),Q3R C21,EGR
AGRW Adm. et ges. réseaux I (Windows),Q4R D211,BIS
AGRW Adm. et ges. réseaux I (Windows),Q4R D212,BIS
AGRL Adm. et ges. réseaux I (Linux),Q4R D211,MWA
AGRL Adm. et ges. réseaux I (Linux),Q4R D212,MWA
WAN Cours de WAN,Q4R D21,PMA
WANL Laboratoire de WAN,Q4R D211,JSS
WANL Laboratoire de WAN,Q4R D212,DBO
PHI Philo ou Ethique,Q3G C1,FSA
"TEX Exp., com & prép. au stage",Q5GIR E1,DNA
"TEX Exp., com & prép. au stage",Q5GIR E12,DNA
"TEX Exp., com & prép. au stage",Q5GIR E2,DNA
ORG Organisation des entreprises,Q5G E11,LMA
ORG Organisation des entreprises,Q5G E12,LMA
SIM Simulation entrepreneuriale,Q5G E11,JDS
SIM Simulation entrepreneuriale,Q5G E12,JDS
SIM Simulation entrepreneuriale,Q5GIR E13,JDS
PRJ Gestion de projet,Q5G E1,JLC
MOBL Développement mobile,Q5G E11,QBH
MOBL Développement mobile,Q5G E12,SDR
PRJL Laboratoire de Gestion de projet,Q5G E11,SRV
PRJL Laboratoire de Gestion de projet,Q5G E12,JLC
PRJL Laboratoire de Gestion de projet,Q5GIR E13,PBT
WEB Applications d'entreprise,Q5G E11,ARO
WEB Applications d'entreprise,Q5G E12,JLC
PERL Labo per. des données IV,Q5G E12,SDR
SYS Système d'exploitation III,Q5G E11,MBA
SYS Système d'exploitation III,Q5G E12,MBA
ERP Progiciel de gestion intégré (ERP),Q5G E1,JLC
ERPL Labo de dév. Collaboratif,Q5G E11,JLC
ERPL Labo de dév. Collaboratif,Q5G E12,SDR
ERPL Labo de dév. Collaboratif,Q5G E13,SDR
ANLL Labo Analyse III,Q5IR E21,PMA
ANLL Labo Analyse III,Q5IR E24,PMA
ATLC Ateliers Logiciels II (C/C++),Q5IR E21,NVS
ATLC Ateliers Logiciels II (C/C++),Q5IR E24,NVS
ATLj Ateliers Logiciels III (Java),Q5IR E21,ARO
ATLj Ateliers Logiciels III (Java),Q5IR E24,ARO
ITR Interconnexion de réseaux,Q5R E2,MHI
ITRL Lab. d'interconnexion réseaux,Q5R E21,MHI
VOIP Voice over IP,Q5R E21,EGR
AIR Archi. et ingénierie des réseaux,Q5R E2,MWA
AIRL Lab. d'archi. et ingé. Réseaux,Q5R E21,MWA
AGRW2 Adm. et ges. Réseaux Win (II),Q5R E21,BIS
SEC Sécurité,Q5R E2,PMA
AUT Automates programmables II,Q5I E24,MHI
IEI Interfaçage d'équipements industriels,Q5I E24,MHI
STR Système d'exploitation TR,Q5IR E24,EGR
SCI Eléments de sécurité IT,Q5IR E24,ABS
SECL Labo Sécurité,Q5R E21,PMA
SEC Sécurité,Q4G D1,ABS
SECL Labo Sécurité,Q4G D111,NRI
SECL Labo Sécurité,Q4G D112,ABS
SECL Labo Sécurité,Q4G D121,NRI
SECL Labo Sécurité,Q4G D122,ABS
SYSL Labo systèmes d'exp. II (Q3),Q3IR C211,NVS
SYSL Labo systèmes d'exp. II (Q3),Q3IR C212,NVS
SYSL Labo systèmes d'exp. II (Q3),Q3IR C223,MBA
SYS Systèmes d'exploitation II (Q3),Q3GIR C,MBA
ORG Organisation des entreprises,Q5IR E2,JDS
ORG Organisation des entreprises,Q5IR E1,JDS
"RELI5 Elec., méca. et prog. Appliquée",Q5IR E24,EGR
ROB2 Robotique II,Q5I E24,MHI
TRI Traitement de l'image,Q5I E24,CLG
PIA Projet Intelligence artificielle,Q5I E24,MWA
"TEX' Exp., com & prép. au stage Q6",Q6GIR F1,DNA
CPPL Laboratoire de C/C++ II,Q4GIR D111,NVS
CPPL Laboratoire de C/C++ II,Q4GIR D112,BEJ
CPPL Laboratoire de C/C++ II,Q4GIR D211,ABS
CPPL Laboratoire de C/C++ II,Q4GIR D212,QBH
CPPL Laboratoire de C/C++ II,Q4GIR D223,QBH
CPPL Laboratoire de C/C++ II,Q4GIR D121,GBA
CPPL Laboratoire de C/C++ II,Q4GIR D122,ABS
CPR Complément réseaux (sp),SEC4 S11,MWA
FSI Fondements de la séc. de l'info.,SEC4 S11,JDS
TRC Techno. réseaux et commutation,SEC4 S11,RMA
CPA Complément application,SEC4 S11,XPA
ASL Adm. et sécurité Unix-Linux,SEC4 S11,PBT
ASW Adm. et sécurité Windows,SEC4 S11,BIS
ASA Archi. des sys. à séc. d'accès,SEC4 S11,EGR
RAD Routage et accès distant,SEC4 S11,RMA
CRY App. Crypto. et t. sécurisées,SEC4 S11,TSM
DCF Dév. de code fiable et sécurisé,SEC4 S11,XPA
TAV Forensics : techniques avancées,SEC4 S11,MAP
DRO Droit (sp),SEC4 S11,XPA
TRI Traitement de l'image,Q4I D223,CLG
SYSBis Système d'exploitation III (Q6),Q6GIR F1,MBA
VEI Veilles technologiques bim2,Q5GIR E,EGR
VEI Veilles technologiques bim1,Q5GIR E,PMA
PERL Labo per. des données IV (Q6),Q6GIR F1,SDR
WEB Applications d'entreprise (b6),Q6GIR F11,ARO
WEB Applications d'entreprise (b6),Q6GIR F12,JLC
DIN Développement Internet (Q3),Q4R D21,TNI
XML Intro à XML 1er quadri,Q3R C2,NVS
WEB Développement Web II (Q3),Q3G C1,TNI
MOBL Développement mobile (Q6),Q6GIR F1,QBH
ATLj Ateliers Logiciels III (Java) (Q6),Q6GIR F1,ARO
ATLC Ateliers Logiciels II (C/C++) (Q6),Q6GIR F1,NVS
INTR1 Introduction au Réseau,Q1AIR A3,DBO
INTR1 Introduction au Réseau,Q1AIR A1,JSS
INTR1 Introduction au Réseau,Q1AIR A2,DBO
INTS1 Introduction à la sécurité,Q1AIR A3,JDS
INTS1 Introduction à la sécurité,Q1AIR A1,ABS
INTS1 Introduction à la sécurité,Q1AIR A2,ABS
INTM1 Introduction aux métiers,Q1AIR A3,MCD
INTM1 Introduction aux métiers,Q1AIR A1,JLC
INTM1 Introduction aux métiers,Q1AIR A2,MCD
ARC1 Architecture des ordinateurs I,Q1AIR A3,DBO
ARC1 Architecture des ordinateurs I,Q1AIR A1,DBO
ARC1 Architecture des ordinateurs I,Q1AIR A2,NVS
ALG1 Algorithmique I,Q1AIR A11,BEJ
ALG1 Algorithmique I,Q1AIR A12,CUV
ALG1 Algorithmique I,Q1AIR A13,HAL
ALG1 Algorithmique I,Q1AIR A21,LBC
ALG1 Algorithmique I,Q1AIR A22,LBC
ALG1 Algorithmique I,Q1AIR A23,MBR
ALG1 Algorithmique I,Q1AIR A31,MBR
ALG1 Algorithmique I,Q1AIR A32,GBA
ALG1 Algorithmique I,Q1AIR A33,LBC
ALG1 Algorithmique I,Q1AIR A34,CUV
ANG1 Anglais 1,Q1AIR A11&12,JST
ANG1 Anglais 1,Q1AIR A13&21,JST
ANG1 Anglais 1,Q1AIR A22&23,JST
ANG1 Anglais 1,Q1AIR A31&32,JST
ANG1 Anglais 1,Q1AIR A33&34,JST
DEV1T Développement - Théorie I,Q1AIR A11,HAL
DEV1T Développement - Théorie I,Q1AIR A12,BIS
DEV1T Développement - Théorie I,Q1AIR A13,BIS
DEV1T Développement - Théorie I,Q1AIR A21,DBO
DEV1T Développement - Théorie I,Q1AIR A22,ABS
DEV1T Développement - Théorie I,Q1AIR A23,CLG
DEV1T Développement - Théorie I,Q1AIR A31,ABS
DEV1T Développement - Théorie I,Q1AIR A32,NRI
DEV1T Développement - Théorie I,Q1AIR A33,SRE
DEV1T Développement - Théorie I,Q1AIR A34,NRI
DEV1L Développement - Labo I,Q1AIR A111,HAL
DEV1L Développement - Labo I,Q1AIR A112,HAL
DEV1L Développement - Labo I,Q1AIR A121,BEJ
DEV1L Développement - Labo I,Q1AIR A122,BEJ
DEV1L Développement - Labo I,Q1AIR A131,BIS
DEV1L Développement - Labo I,Q1AIR A132,BIS
DEV1L Développement - Labo I,Q1AIR A211,DBO
DEV1L Développement - Labo I,Q1AIR A212,CUV
DEV1L Développement - Labo I,Q1AIR A221,CLG
DEV1L Développement - Labo I,Q1AIR A222,GBA
DEV1L Développement - Labo I,Q1AIR A231,CLG
DEV1L Développement - Labo I,Q1AIR A232,MBR
DEV1L Développement - Labo I,Q1AIR A311,SRV
DEV1L Développement - Labo I,Q1AIR A312,TNI
DEV1L Développement - Labo I,Q1AIR A321,NRI
DEV1L Développement - Labo I,Q1AIR A322,PBT
DEV1L Développement - Labo I,Q1AIR A331,SDR
DEV1L Développement - Labo I,Q1AIR A332,SRE
DEV1L Développement - Labo I,Q1AIR A341,SRE
DEV1L Développement - Labo I,Q1AIR A342,CUV
EXP1T Exploitation des systèmes - Théorie I,Q1AIR A3,MCD
EXP1T Exploitation des systèmes - Théorie I,Q1AIR A1,MBA
EXP1T Exploitation des systèmes - Théorie I,Q1AIR A2,MBA
EXP1L Exploitation des systèmes - Labo I,Q1AIR A111,HAL
EXP1L Exploitation des systèmes - Labo I,Q1AIR A112,HAL
EXP1L Exploitation des systèmes - Labo I,Q1AIR A121,NRI
EXP1L Exploitation des systèmes - Labo I,Q1AIR A122,MBR
EXP1L Exploitation des systèmes - Labo I,Q1AIR A131,BIS
EXP1L Exploitation des systèmes - Labo I,Q1AIR A132,BIS
EXP1L Exploitation des systèmes - Labo I,Q1AIR A211,MBR
EXP1L Exploitation des systèmes - Labo I,Q1AIR A212,YVO
EXP1L Exploitation des systèmes - Labo I,Q1AIR A221,MCD
EXP1L Exploitation des systèmes - Labo I,Q1AIR A222,DNA
EXP1L Exploitation des systèmes - Labo I,Q1AIR A231,MCD
EXP1L Exploitation des systèmes - Labo I,Q1AIR A232,MCD
EXP1L Exploitation des systèmes - Labo I,Q1AIR A311,DNA
EXP1L Exploitation des systèmes - Labo I,Q1AIR A312,MBA
EXP1L Exploitation des systèmes - Labo I,Q1AIR A321,DBO
EXP1L Exploitation des systèmes - Labo I,Q1AIR A322,NRI
EXP1L Exploitation des systèmes - Labo I,Q1AIR A331,YVO
EXP1L Exploitation des systèmes - Labo I,Q1AIR A332,MWA
EXP1L Exploitation des systèmes - Labo I,Q1AIR A341,YVO
EXP1L Exploitation des systèmes - Labo I,Q1AIR A342,MWA
MAT1 Mathématiques I (Mathématiques discrètes),Q1AIR A11,CLG
MAT1 Mathématiques I (Mathématiques discrètes),Q1AIR A12,BEJ
MAT1 Mathématiques I (Mathématiques discrètes),Q1AIR A13,FBO
MAT1 Mathématiques I (Mathématiques discrètes),Q1AIR A21,CLG
MAT1 Mathématiques I (Mathématiques discrètes),Q1AIR A22,FBO
MAT1 Mathématiques I (Mathématiques discrètes),Q1AIR A23,LBC
MAT1 Mathématiques I (Mathématiques discrètes),Q1AIR A31,LBC
MAT1 Mathématiques I (Mathématiques discrètes),Q1AIR A32,ABS
MAT1 Mathématiques I (Mathématiques discrètes),Q1AIR A33,CLG
MAT1 Mathématiques I (Mathématiques discrètes),Q1AIR A34,ABS
ALG2 Algorithmique II,Q2AIR B11,CLG
ALG2 Algorithmique II,Q2AIR B12,CUV
ALG2 Algorithmique II,Q2AIR B21,HAL
ALG2 Algorithmique II,Q2AIR B22,CLG
ALG2 Algorithmique II,Q2AIR B23,CLG
ALG2 Algorithmique II,Q2AIR B13,CUV
INTR2 Introduction Réseau - Labo,Q2AIR B111&12,EGR
INTR2 Introduction Réseau - Labo,Q2AIR B113&21,EGR
INTR2 Introduction Réseau - Labo,Q2AIR B122&23,EGR
INTR2 Introduction Réseau - Labo,Q2AIR B131&32,EGR
INTR2 Introduction Réseau - Labo,Q2AIR B133&11,HAL
INTR2 Introduction Réseau - Labo,Q2AIR B212&13,MHI
INTR2 Introduction Réseau - Labo,Q2AIR B221&22,PMA
INTR2 Introduction Réseau - Labo,Q2AIR B223&31,PMA
INTR2 Introduction Réseau - Labo,Q2AIR B232&33,PMA
INTI2 Introduction Indus - Labo,Q2AIR B111&12,EGR
INTI2 Introduction Indus - Labo,Q2AIR B113&21,EGR
INTI2 Introduction Indus - Labo,Q2AIR B122&23,EGR
INTI2 Introduction Indus - Labo,Q2AIR B131&32,EGR
INTI2 Introduction Indus - Labo,Q2AIR B133&11,HAL
INTI2 Introduction Indus - Labo,Q2AIR B212&13,MHI
INTI2 Introduction Indus - Labo,Q2AIR B221&22,MHI
INTI2 Introduction Indus - Labo,Q2AIR B223&31,MHI
INTI2 Introduction Indus - Labo,Q2AIR B232&33,MHI
ARC2T Architecture des ordinateurs II - Théorie,Q2AIR B1,HAL
ARC2T Architecture des ordinateurs II - Théorie,Q2AIR B2,DBO
ARC2L Architecture des ordinateurs II - Labos,Q2AIR B111,MBA
ARC2L Architecture des ordinateurs II - Labos,Q2AIR B112,MBA
ARC2L Architecture des ordinateurs II - Labos,Q2AIR B121,HAL
ARC2L Architecture des ordinateurs II - Labos,Q2AIR B122,ABS
ARC2L Architecture des ordinateurs II - Labos,Q2AIR B211,DBO
ARC2L Architecture des ordinateurs II - Labos,Q2AIR B212,GBA
ARC2L Architecture des ordinateurs II - Labos,Q2AIR B221,NVS
ARC2L Architecture des ordinateurs II - Labos,Q2AIR B222,NVS
ARC2L Architecture des ordinateurs II - Labos,Q2AIR B231,YVO
ARC2L Architecture des ordinateurs II - Labos,Q2AIR B232,YVO
ARC2L Architecture des ordinateurs II - Labos,Q2AIR B131,MBA
ARC2L Architecture des ordinateurs II - Labos,Q2AIR B132,MBA
ARC2L Architecture des ordinateurs II - Labos,Q2AIR B133,BEJ
ARC2L Architecture des ordinateurs II - Labos,Q2AIR B113,HAL
ARC2L Architecture des ordinateurs II - Labos,Q2AIR B123,ABS
ARC2L Architecture des ordinateurs II - Labos,Q2AIR B213,GBA
ARC2L Architecture des ordinateurs II - Labos,Q2AIR B223,YVO
ARC2L Architecture des ordinateurs II - Labos,Q2AIR B233,BEJ
DEV2L Développement - Labo II,Q2AIR B111,BEJ
DEV2L Développement - Labo II,Q2AIR B112,BEJ
DEV2L Développement - Labo II,Q2AIR B121,GBA
DEV2L Développement - Labo II,Q2AIR B122,GBA
DEV2L Développement - Labo II,Q2AIR B211,MBR
DEV2L Développement - Labo II,Q2AIR B212,MBR
DEV2L Développement - Labo II,Q2AIR B221,TNI
DEV2L Développement - Labo II,Q2AIR B222,MCD
DEV2L Développement - Labo II,Q2AIR B231,TNI
DEV2L Développement - Labo II,Q2AIR B232,BIS
DEV2L Développement - Labo II,Q2AIR B131,SRE
DEV2L Développement - Labo II,Q2AIR B132,SRV
DEV2L Développement - Labo II,Q2AIR B133,NRI
DEV2L Développement - Labo II,Q2AIR B113,SRE
DEV2L Développement - Labo II,Q2AIR B123,HAL
DEV2L Développement - Labo II,Q2AIR B213,PBT
DEV2L Développement - Labo II,Q2AIR B223,HAL
DEV2L Développement - Labo II,Q2AIR B233,BIS
DEV2T Développement - Théorie II,Q2AIR B1,MBR
DEV2T Développement - Théorie II,Q2AIR B2,PBT
DON2L Donées (Base de) - Labo II-Bi3,Q2AIR B111,MBR
DON2L Donées (Base de) - Labo II-Bi3,Q2AIR B112,MBR
DON2L Donées (Base de) - Labo II-Bi3,Q2AIR B121,MBR
DON2L Donées (Base de) - Labo II-Bi3,Q2AIR B122,CUV
DON2L Donées (Base de) - Labo II-Bi3,Q2AIR B211,YVO
DON2L Donées (Base de) - Labo II-Bi3,Q2AIR B212,CUV
DON2L Donées (Base de) - Labo II-Bi3,Q2AIR B221,YVO
DON2L Donées (Base de) - Labo II-Bi3,Q2AIR B222,YVO
DON2L Donées (Base de) - Labo II-Bi3,Q2AIR B231,SRE
DON2L Donées (Base de) - Labo II-Bi3,Q2AIR B232,FBO
DON2L Donées (Base de) - Labo II-Bi3,Q2AIR B131,SRE
DON2L Donées (Base de) - Labo II-Bi3,Q2AIR B132,SRE
DON2L Donées (Base de) - Labo II-Bi3,Q2AIR B133,YVO
DON2L Donées (Base de) - Labo II-Bi3,Q2AIR B113,MBR
DON2L Donées (Base de) - Labo II-Bi3,Q2AIR B123,CUV
DON2L Donées (Base de) - Labo II-Bi3,Q2AIR B213,CUV
DON2L Donées (Base de) - Labo II-Bi3,Q2AIR B223,SRE
DON2L Donées (Base de) - Labo II-Bi3,Q2AIR B233,FBO
DON2T Donées (Base de) - Théorie II,Q2AIR B1,MBR
DON2T Donées (Base de) - Théorie II,Q2AIR B2,SRE
ANG2 Anglais 2,Q2AIR B11,JST
ANG2 Anglais 2,Q2AIR B12,JST
ANG2 Anglais 2,Q2AIR B21,JST
ANG2 Anglais 2,Q2AIR B22,JST
ANG2 Anglais 2,Q2AIR B23,JST
ANG2 Anglais 2,Q2AIR B13,JST
MAT2 Mathématiques II (Algèbre linéaire),Q2AIR B11,ABS
MAT2 Mathématiques II (Algèbre linéaire),Q2AIR B12,BEJ
MAT2 Mathématiques II (Algèbre linéaire),Q2AIR B21,CLG
MAT2 Mathématiques II (Algèbre linéaire),Q2AIR B22,LBC
MAT2 Mathématiques II (Algèbre linéaire),Q2AIR B23,CLG
MAT2 Mathématiques II (Algèbre linéaire),Q2AIR B13,LBC
WEB2L Web développement - Labo II,Q2AIR B111,DBO
WEB2L Web développement - Labo II,Q2AIR B112,SDR
WEB2L Web développement - Labo II,Q2AIR B121,DNA
WEB2L Web développement - Labo II,Q2AIR B122,GBA
WEB2L Web développement - Labo II,Q2AIR B211,NRI
WEB2L Web développement - Labo II,Q2AIR B212,DBO
WEB2L Web développement - Labo II,Q2AIR B221,SDR
WEB2L Web développement - Labo II,Q2AIR B222,MCD
WEB2L Web développement - Labo II,Q2AIR B231,MCD
WEB2L Web développement - Labo II,Q2AIR B232,PMA
WEB2L Web développement - Labo II,Q2AIR B131,NRI
WEB2L Web développement - Labo II,Q2AIR B132,NVS
WEB2L Web développement - Labo II,Q2AIR B133,SDR
WEB2L Web développement - Labo II,Q2AIR B113,DNA
WEB2L Web développement - Labo II,Q2AIR B123,GBA
WEB2L Web développement - Labo II,Q2AIR B213,NVS
WEB2L Web développement - Labo II,Q2AIR B223,NRI
WEB2L Web développement - Labo II,Q2AIR B233,PMA
WEB2T Web développement - Théorie II,Q2AIR B1,DBO
WEB2T Web développement - Théorie II,Q2AIR B2,SDR
DON2L Donées (Base de) - Labo II-Bi4,Q2AIR B111&12,MBR
DON2L Donées (Base de) - Labo II-Bi4,Q2AIR B113&21,MBR
DON2L Donées (Base de) - Labo II-Bi4,Q2AIR B122&23,CUV
DON2L Donées (Base de) - Labo II-Bi4,Q2AIR B131&32,SRE
DON2L Donées (Base de) - Labo II-Bi4,Q2AIR B133&11,YVO
DON2L Donées (Base de) - Labo II-Bi4,Q2AIR B212&13,CUV
DON2L Donées (Base de) - Labo II-Bi4,Q2AIR B221&22,YVO
DON2L Donées (Base de) - Labo II-Bi4,Q2AIR B223&31,SRE
DON2L Donées (Base de) - Labo II-Bi4,Q2AIR B232&33,FBO
Horaires,Horaires,SRV
Suivi Stages Master,Master CS,JDS
Organisation des stages,Gest. Stages,DNA
Suivi TEX stages,Gest. Stages,DNA
Midis de l'informaticien,Contacts,PBT
DEV3,Resp. UE,ABS
ANA3,Resp. UE,JLC
DON3,Resp. UE,SRE
DEV4,Resp. UE,ABS
DON4,Resp. UE,SRE
AVAI4,Resp. UE,MHI
AUTI3,Resp. UE,MHI
IOTI4,Resp. UE,MHI
WEBR4,Resp. UE,NVS
LANR3,Resp. UE,PMA
WANR4,Resp. UE,PMA
e-HE2B,HE2B,PBT
Gestion des TFE,Gest. TFE,JDS
Printemps des sciences,Contacts,ABS
Opérateur SAR,SAR,DNA
SAA,Service Aide & Accomp,ARO
Stages Erasmus,Stages,SRV
Exam Spéc Sécurité,Comp. Exams,RMA
Exam Spéc Sécurité,Comp. Exams,MAP
AVA&UIS,Master CS,JDS
Conseil d'administration,Conseils,PBT
SSD&WS,Master CS,ABS
Comité gestion pgm,Master CS,JDS
SYS3,Resp. UE,MBA
IXVR5,Resp. UE,EGR
RELI5,Resp. UE,EGR
DONG5,Resp. UE,SDR
ERPG5,Resp. UE,JLC
Conseil Département,Conseils,SRV
Conseil Département,Conseils,PBT
Commission des équivalences,CAVP,MBA
Commission des équivalences,CAVP,ABS
Conseil Département,Conseils,MBA
Suivi Mémoires Master,Master CS,JDS
ALG3,Resp. UE,NRI
ORGG5,Resp. UE,LMA
PRJG5,Resp. UE,JLC
SYSG5,Resp. UE,MBA
AGRR5,Resp. UE,BIS
LPDG4,Resp. UE,ARO
CPRG4,Resp. UE,MWA
MOBG5,Resp. UE,QBH
ATLIR5,Resp. UE,NVS
CAIG3,Resp. UE,JDS
CPTG4,Resp. UE,LMA
ECOG4,Resp. UE,LMA
ATLG4,Resp. UE,JLC
International,Gest. Stages,SRV
IMGI5,Resp. UE,CLG
PIAI5,Resp. UE,MWA
CAVP,CAVP,MBA
Projet transversal Réseau P1,Org. AA,BIS
Projet transversal Réseau P2,Org. AA,MHI
Projet transversal Réseau P3,Org. AA,MWA
Projet transversal réseau P4,Org. AA,JSS
CAVP + secrétariat Jury Master,Master CS,JDS
Forfait Examen (DRTG3),Comp. UE,NDM
Projet transversal réseau,Resp. UE,JSS
AGLR4,Resp. UE,MWA
AGRI4,Resp. UE,PBT
AGWR4,Resp. UE,BIS
ANLIR5,Resp. UE,PMA
ATLG3,Resp. UE,SRV
ATLIR4,Resp. UE,SRV
DRTG3,Resp. UE,NDM
EMBI4,Resp. UE,EGR
ERGG4,Resp. UE,DNA
ETE6,Resp. UE,DNA
IEII5,Resp. UE,MHI
IMGI4,Resp. UE,CLG
ORGIR5,Resp. UE,LMA
PHYR3,Resp. UE,EGR
PIAI5,Resp. UE,MWA
ROBI5,Resp. UE,MHI
RESR4,Resp. UE,PMA
RLII4,Resp. UE,MHI
SECG4,Resp. UE,ABS
SECI5,Resp. UE,ABS
SECR5,Resp. UE,PMA
SP1a-CPR,Resp. UE,MWA
SP1a-FSI,Resp. UE,JDS
SP1a-TRC,Resp. UE,RMA
SP1b-ASL,Resp. UE,PBT
SP1b-ASW,Resp. UE,BIS
SP1b-CPA,Resp. UE,XPA
SP2a-ASA,Resp. UE,EGR
SP2a-CRY,Resp. UE,TSM
SP2a-RAD,Resp. UE,RMA
SP2b-DCF,Resp. UE,XPA
SP2b-DRO,Resp. UE,XPA
SP2b-TAV,Resp. UE,MAP
SP-TFE,Resp. UE,JDS
STRI5,Resp. UE,EGR
SYSG4,Resp. UE,MBA
SYSIR3,Resp. UE,MBA
TEX5,Resp. UE,DNA
VEI5,Resp. UE,EGR
WEBG4,Resp. UE,NRI
WEBG5,Resp. UE,JLC
WIRR4,Resp. UE,PMA
Forfait Examen (PHILO),Comp. UE,FSA
Conseil Département,Conseils,MHI
Conseil Département,Conseils,NVS
Horaires,Horaires,ARO
CAVP,CAVP,ARO
Qualité,HE2B,ARO
Projet transversal Indus P1,Org. AA,MHI
Projet transversal Indus P2,Org. AA,MWA
Projet transversal Indus P3,Org. AA,EGR
International,Gest. Stages,ARO
Conseil Département,Conseils,NRI
Coord. Réseaux & Télécommunications,Coord. Sec.,MWA
Coord. Gestion,Coord. Sec.,JLC
Coord. Industrielle,Coord. Sec.,MHI
Coord. Tronc Commun,Coord. Sec.,DNA
Jury Stages,Stages,PMA
Jury Stages,Stages,BIS
Jury Stages,Stages,MHI
Jury Stages,Stages,GBA
AUTI5,Resp. UE,MHI
INT1,Resp. UE,DNA
HACKATHON Coordination,Resp. UE,JLC
ARC1,Resp. UE,NVS
ARC2,Resp. UE,DBO
ALG1,Resp. UE,LBC
ALG2,Resp. UE,HAL
DEV1,Resp. UE,NRI
DEV2,Resp. UE,NRI
MAT1,Resp. UE,ABS
MAT2,Resp. UE,ABS
ANG1,Resp. UE,JST
ANG2,Resp. UE,JST
EXP1,Resp. UE,DNA
DON2,Resp. UE,YVO
WEB2,Resp. UE,SDR
Report 2022-2023,Réd.Charge,MBA
Stage+TFE (1),Stages,YVO
Stage+TFE (4),Stages,PMA
Séminaires méthodologiques court,SAR,LMA
MLF,SAR,LLO
Stage+TFE (3),Stages,ABS
Complement DEV1,SAR,HAL
Complement DEV1,SAR,SRE
Complement MAT1,SAR,CLG
Complement MAT1,SAR,BEJ
Complement DEV2,SAR,TNI
Complement DEV2,SAR,MBR
Complement MAT2,SAR,CLG
Complement MAT2,SAR,BEJ
Complement WEB2,SAR,SDR
Remediation ALG1,SAR,LBC
Remediation DEV1,SAR,MBR
Remediation MAT1,SAR,ABS
Remediation MAT2,SAR,ABS
Remediation WEB2,SAR,SDR
Table de discussion ANG1,SAR,EGR
Stage+TFE (2),Stages,NVS
Stage+TFE (2),Stages,MWA
Stage+TFE (4),Stages,MHI
Stage+TFE (2),Stages,LBC
Stage+TFE (2),Stages,JLC
Stage+TFE (3),Stages,HAL
Stage+TFE (3),Stages,EGR
Stage+TFE (1),Stages,CUV
Stage+TFE (2),Stages,NRI
Stage+TFE (2),Stages,JSS
Stage+TFE (3),Stages,BEJ
Stage+TFE (4),Stages,SDR
Stage+TFE (2),Stages,MBA
Stage+TFE (2),Stages,DBO
HACKATHON B111,AA,BEJ
HACKATHON B112,AA,BEJ
HACKATHON B113,AA,SRE
HACKATHON B121,AA,GBA
HACKATHON B122,AA,GBA
HACKATHON B123,AA,HAL
HACKATHON B131,AA,SRE
HACKATHON B132,AA,SRV
HACKATHON B133,AA,NRI
HACKATHON B211,AA,MBR
HACKATHON B212,AA,MBR
HACKATHON B213,AA,PBT
HACKATHON B221,AA,TNI
HACKATHON B222,AA,MCD
HACKATHON B223,AA,HAL
HACKATHON B231,AA,TNI
HACKATHON B232,AA,BIS
HACKATHON B233,AA,BIS
Stage+TFE (2),Stages,BIS
Stage+TFE (1),Stages,MCD
Stage+TFE (2),Stages,GBA
Report 2022-2023,Réd.Charge,SRV
Report 2023-2024,Réd.Charge,ARO
Stage+TFE (3) - Eramsus,Stages,SRV
Séminaires méthodologiques long 1,SAR,LLO
Séminaires méthodologiques long 2,SAR,LLO
Séminaires méthodologiques court,SAR,LLO
INT2,Resp. UE,DNA
Stage+TFE (X),Stages,ZZZ
Correction/report,Réd.Charge,CLG
Stage+TFE (1),Stages,TNI
Stage+TFE (1),Stages,MBR
EXP1,Resp. UE,DBO
Projet de recherche HE2B 23/24,Recherche,GBA
Stage+TFE (1),Stages,ABS
